	label
1	CD4 T cells
2	B cells
3	CD4 T cells
4	CD14+ Monocytes
5	NK cells
6	CD4 T cells
7	CD8 T cells
8	CD8 T cells
9	CD8 T cells
10	FCGR3A+ Monocytes
11	B cells
12	CD4 T cells
13	CD4 T cells
14	CD14+ Monocytes
15	CD8 T cells
16	CD4 T cells
17	CD14+ Monocytes
18	CD4 T cells
19	B cells
20	B cells
21	B cells
22	CD4 T cells
23	CD14+ Monocytes
24	B cells
25	CD4 T cells
26	CD4 T cells
27	CD4 T cells
28	CD4 T cells
29	CD4 T cells
30	FCGR3A+ Monocytes
31	CD4 T cells
32	B cells
33	CD14+ Monocytes
34	CD4 T cells
35	CD14+ Monocytes
36	CD4 T cells
37	CD14+ Monocytes
38	FCGR3A+ Monocytes
39	CD4 T cells
40	NK cells
41	CD8 T cells
42	CD8 T cells
43	CD4 T cells
44	CD4 T cells
45	CD4 T cells
46	CD4 T cells
47	CD4 T cells
48	CD14+ Monocytes
49	CD4 T cells
50	FCGR3A+ Monocytes
51	CD14+ Monocytes
52	FCGR3A+ Monocytes
53	FCGR3A+ Monocytes
54	CD4 T cells
55	CD4 T cells
56	B cells
57	CD14+ Monocytes
58	CD4 T cells
59	CD14+ Monocytes
60	CD14+ Monocytes
61	CD4 T cells
62	CD4 T cells
63	NK cells
64	FCGR3A+ Monocytes
65	CD4 T cells
66	FCGR3A+ Monocytes
67	CD4 T cells
68	CD4 T cells
69	CD4 T cells
70	CD4 T cells
71	CD4 T cells
72	NK cells
73	CD4 T cells
74	NK cells
75	CD4 T cells
76	B cells
77	CD4 T cells
78	CD4 T cells
79	CD4 T cells
80	CD14+ Monocytes
81	CD14+ Monocytes
82	CD8 T cells
83	CD14+ Monocytes
84	CD4 T cells
85	CD14+ Monocytes
86	B cells
87	CD4 T cells
88	CD4 T cells
89	B cells
90	B cells
91	CD4 T cells
92	CD14+ Monocytes
93	B cells
94	B cells
95	CD14+ Monocytes
96	CD14+ Monocytes
97	CD4 T cells
98	CD14+ Monocytes
99	CD14+ Monocytes
100	Dendritic cells
101	NK cells
102	CD14+ Monocytes
103	CD4 T cells
104	CD8 T cells
105	NK cells
106	B cells
107	CD8 T cells
108	B cells
109	CD4 T cells
110	Dendritic cells
111	CD14+ Monocytes
112	CD4 T cells
113	CD4 T cells
114	CD4 T cells
115	CD14+ Monocytes
116	FCGR3A+ Monocytes
117	CD4 T cells
118	B cells
119	FCGR3A+ Monocytes
120	CD4 T cells
121	CD8 T cells
122	CD14+ Monocytes
123	B cells
124	CD8 T cells
125	CD4 T cells
126	CD4 T cells
127	CD14+ Monocytes
128	B cells
129	NK cells
130	CD4 T cells
131	CD4 T cells
132	CD4 T cells
133	CD4 T cells
134	CD8 T cells
135	B cells
136	FCGR3A+ Monocytes
137	CD4 T cells
138	CD4 T cells
139	CD4 T cells
140	B cells
141	CD4 T cells
142	CD8 T cells
143	NK cells
144	B cells
145	CD8 T cells
146	CD8 T cells
147	B cells
148	CD4 T cells
149	CD14+ Monocytes
150	NK cells
151	CD8 T cells
152	CD4 T cells
153	CD4 T cells
154	CD4 T cells
155	CD14+ Monocytes
156	CD4 T cells
157	CD4 T cells
158	NK cells
159	CD8 T cells
160	CD14+ Monocytes
161	B cells
162	Dendritic cells
163	B cells
164	CD14+ Monocytes
165	CD8 T cells
166	B cells
167	CD4 T cells
168	CD8 T cells
169	CD8 T cells
170	CD4 T cells
171	CD4 T cells
172	CD4 T cells
173	CD4 T cells
174	CD14+ Monocytes
175	CD4 T cells
176	Dendritic cells
177	CD4 T cells
178	CD4 T cells
179	B cells
180	B cells
181	FCGR3A+ Monocytes
182	B cells
183	CD4 T cells
184	FCGR3A+ Monocytes
185	CD14+ Monocytes
186	NK cells
187	NK cells
188	CD4 T cells
189	CD14+ Monocytes
190	CD4 T cells
191	B cells
192	CD4 T cells
193	B cells
194	CD8 T cells
195	NK cells
196	CD8 T cells
197	CD8 T cells
198	NK cells
199	CD4 T cells
200	CD8 T cells
201	CD14+ Monocytes
202	CD8 T cells
203	CD8 T cells
204	CD4 T cells
205	CD4 T cells
206	CD14+ Monocytes
207	FCGR3A+ Monocytes
208	CD4 T cells
209	CD8 T cells
210	NK cells
211	CD4 T cells
212	CD8 T cells
213	CD8 T cells
214	CD8 T cells
215	CD4 T cells
216	CD14+ Monocytes
217	CD14+ Monocytes
218	CD4 T cells
219	B cells
220	CD4 T cells
221	CD4 T cells
222	CD14+ Monocytes
223	CD4 T cells
224	CD4 T cells
225	CD4 T cells
226	CD4 T cells
227	CD4 T cells
228	CD8 T cells
229	CD4 T cells
230	CD4 T cells
231	CD4 T cells
232	B cells
233	FCGR3A+ Monocytes
234	CD4 T cells
235	CD14+ Monocytes
236	CD4 T cells
237	CD4 T cells
238	CD4 T cells
239	CD8 T cells
240	FCGR3A+ Monocytes
241	CD4 T cells
242	B cells
243	CD14+ Monocytes
244	CD4 T cells
245	Megakaryocytes
246	CD14+ Monocytes
247	CD4 T cells
248	CD14+ Monocytes
249	CD4 T cells
250	B cells
251	CD4 T cells
252	Dendritic cells
253	CD4 T cells
254	B cells
255	CD14+ Monocytes
256	FCGR3A+ Monocytes
257	CD4 T cells
258	B cells
259	B cells
260	FCGR3A+ Monocytes
261	CD4 T cells
262	CD4 T cells
263	CD4 T cells
264	CD8 T cells
265	Megakaryocytes
266	NK cells
267	CD14+ Monocytes
268	CD14+ Monocytes
269	CD14+ Monocytes
270	NK cells
271	Megakaryocytes
272	CD4 T cells
273	B cells
274	FCGR3A+ Monocytes
275	CD4 T cells
276	B cells
277	CD4 T cells
278	Dendritic cells
279	CD4 T cells
280	CD4 T cells
281	B cells
282	B cells
283	NK cells
284	CD14+ Monocytes
285	CD4 T cells
286	CD4 T cells
287	CD4 T cells
288	NK cells
289	B cells
290	CD14+ Monocytes
291	CD14+ Monocytes
292	CD4 T cells
293	CD4 T cells
294	FCGR3A+ Monocytes
295	CD4 T cells
296	B cells
297	CD8 T cells
298	CD4 T cells
299	CD4 T cells
300	NK cells
301	NK cells
302	FCGR3A+ Monocytes
303	CD14+ Monocytes
304	B cells
305	CD4 T cells
306	CD4 T cells
307	CD4 T cells
308	CD4 T cells
309	CD8 T cells
310	CD4 T cells
311	CD8 T cells
312	CD14+ Monocytes
313	B cells
314	B cells
315	CD4 T cells
316	CD4 T cells
317	CD4 T cells
318	B cells
319	CD4 T cells
320	CD14+ Monocytes
321	CD4 T cells
322	CD14+ Monocytes
323	CD14+ Monocytes
324	CD8 T cells
325	CD14+ Monocytes
326	B cells
327	Dendritic cells
328	CD4 T cells
329	FCGR3A+ Monocytes
330	NK cells
331	CD4 T cells
332	CD8 T cells
333	CD4 T cells
334	CD4 T cells
335	CD8 T cells
336	CD14+ Monocytes
337	NK cells
338	B cells
339	CD14+ Monocytes
340	CD4 T cells
341	CD8 T cells
342	CD14+ Monocytes
343	CD4 T cells
344	CD4 T cells
345	CD4 T cells
346	CD4 T cells
347	CD8 T cells
348	CD4 T cells
349	CD8 T cells
350	CD4 T cells
351	CD4 T cells
352	B cells
353	CD14+ Monocytes
354	CD4 T cells
355	CD14+ Monocytes
356	CD14+ Monocytes
357	CD4 T cells
358	CD4 T cells
359	CD4 T cells
360	CD8 T cells
361	FCGR3A+ Monocytes
362	B cells
363	CD8 T cells
364	NK cells
365	NK cells
366	CD8 T cells
367	B cells
368	CD14+ Monocytes
369	CD4 T cells
370	CD4 T cells
371	Dendritic cells
372	FCGR3A+ Monocytes
373	CD4 T cells
374	CD8 T cells
375	NK cells
376	CD4 T cells
377	B cells
378	B cells
379	CD14+ Monocytes
380	CD4 T cells
381	FCGR3A+ Monocytes
382	CD14+ Monocytes
383	CD4 T cells
384	CD4 T cells
385	CD14+ Monocytes
386	B cells
387	CD4 T cells
388	CD14+ Monocytes
389	NK cells
390	B cells
391	CD4 T cells
392	CD4 T cells
393	CD4 T cells
394	CD8 T cells
395	CD4 T cells
396	CD4 T cells
397	CD4 T cells
398	CD14+ Monocytes
399	CD14+ Monocytes
400	CD4 T cells
401	CD8 T cells
402	CD4 T cells
403	B cells
404	CD14+ Monocytes
405	FCGR3A+ Monocytes
406	CD8 T cells
407	CD4 T cells
408	B cells
409	B cells
410	CD4 T cells
411	CD14+ Monocytes
412	B cells
413	CD4 T cells
414	CD14+ Monocytes
415	FCGR3A+ Monocytes
416	CD4 T cells
417	CD4 T cells
418	CD4 T cells
419	CD8 T cells
420	B cells
421	NK cells
422	CD4 T cells
423	B cells
424	CD8 T cells
425	CD14+ Monocytes
426	CD14+ Monocytes
427	B cells
428	B cells
429	FCGR3A+ Monocytes
430	CD4 T cells
431	CD14+ Monocytes
432	CD14+ Monocytes
433	NK cells
434	CD4 T cells
435	CD4 T cells
436	CD4 T cells
437	CD4 T cells
438	Dendritic cells
439	CD4 T cells
440	CD4 T cells
441	B cells
442	CD14+ Monocytes
443	CD4 T cells
444	CD14+ Monocytes
445	CD8 T cells
446	FCGR3A+ Monocytes
447	CD4 T cells
448	CD8 T cells
449	CD4 T cells
450	CD4 T cells
451	CD4 T cells
452	CD4 T cells
453	CD4 T cells
454	FCGR3A+ Monocytes
455	B cells
456	NK cells
457	CD4 T cells
458	CD4 T cells
459	CD4 T cells
460	NK cells
461	CD4 T cells
462	CD4 T cells
463	CD4 T cells
464	CD4 T cells
465	CD4 T cells
466	CD4 T cells
467	CD4 T cells
468	CD14+ Monocytes
469	CD4 T cells
470	CD4 T cells
471	FCGR3A+ Monocytes
472	CD4 T cells
473	CD14+ Monocytes
474	CD4 T cells
475	CD4 T cells
476	CD4 T cells
477	CD4 T cells
478	CD8 T cells
479	B cells
480	CD4 T cells
481	FCGR3A+ Monocytes
482	CD8 T cells
483	CD4 T cells
484	CD4 T cells
485	CD4 T cells
486	CD4 T cells
487	CD4 T cells
488	CD8 T cells
489	B cells
490	NK cells
491	CD4 T cells
492	CD8 T cells
493	CD4 T cells
494	CD4 T cells
495	CD4 T cells
496	CD4 T cells
497	NK cells
498	CD4 T cells
499	CD8 T cells
500	CD8 T cells
501	CD4 T cells
502	CD4 T cells
503	CD14+ Monocytes
504	CD4 T cells
505	B cells
506	CD14+ Monocytes
507	CD8 T cells
508	CD14+ Monocytes
509	B cells
510	CD8 T cells
511	CD14+ Monocytes
512	CD4 T cells
513	CD4 T cells
514	B cells
515	CD14+ Monocytes
516	CD14+ Monocytes
517	CD4 T cells
518	CD4 T cells
519	CD4 T cells
520	NK cells
521	B cells
522	CD4 T cells
523	CD4 T cells
524	CD4 T cells
525	CD4 T cells
526	B cells
527	CD8 T cells
528	CD4 T cells
529	FCGR3A+ Monocytes
530	FCGR3A+ Monocytes
531	CD4 T cells
532	NK cells
533	CD4 T cells
534	CD4 T cells
535	CD8 T cells
536	CD4 T cells
537	CD4 T cells
538	CD4 T cells
539	CD4 T cells
540	CD4 T cells
541	CD14+ Monocytes
542	FCGR3A+ Monocytes
543	CD4 T cells
544	CD8 T cells
545	Megakaryocytes
546	FCGR3A+ Monocytes
547	CD4 T cells
548	CD4 T cells
549	CD14+ Monocytes
550	CD4 T cells
551	CD14+ Monocytes
552	CD4 T cells
553	CD4 T cells
554	CD14+ Monocytes
555	CD8 T cells
556	CD4 T cells
557	CD4 T cells
558	CD8 T cells
559	CD4 T cells
560	NK cells
561	CD4 T cells
562	B cells
563	CD4 T cells
564	CD14+ Monocytes
565	CD4 T cells
566	CD4 T cells
567	CD4 T cells
568	CD4 T cells
569	CD4 T cells
570	B cells
571	FCGR3A+ Monocytes
572	CD4 T cells
573	B cells
574	CD4 T cells
575	CD4 T cells
576	CD14+ Monocytes
577	CD4 T cells
578	CD14+ Monocytes
579	Dendritic cells
580	NK cells
581	Dendritic cells
582	CD14+ Monocytes
583	CD4 T cells
584	CD14+ Monocytes
585	CD4 T cells
586	CD4 T cells
587	CD4 T cells
588	CD14+ Monocytes
589	CD14+ Monocytes
590	B cells
591	B cells
592	CD14+ Monocytes
593	CD14+ Monocytes
594	CD14+ Monocytes
595	NK cells
596	CD4 T cells
597	CD4 T cells
598	B cells
599	CD4 T cells
600	CD4 T cells
601	CD14+ Monocytes
602	CD14+ Monocytes
603	CD4 T cells
604	CD4 T cells
605	CD4 T cells
606	CD14+ Monocytes
607	CD4 T cells
608	CD14+ Monocytes
609	CD8 T cells
610	CD4 T cells
611	CD4 T cells
612	FCGR3A+ Monocytes
613	CD4 T cells
614	CD4 T cells
615	CD4 T cells
616	CD4 T cells
617	CD14+ Monocytes
618	CD14+ Monocytes
619	CD4 T cells
620	CD4 T cells
621	CD4 T cells
622	CD14+ Monocytes
623	FCGR3A+ Monocytes
624	CD4 T cells
625	CD4 T cells
626	CD8 T cells
627	CD8 T cells
628	CD4 T cells
629	B cells
630	Megakaryocytes
631	CD8 T cells
632	B cells
633	FCGR3A+ Monocytes
634	CD4 T cells
635	CD14+ Monocytes
636	FCGR3A+ Monocytes
637	NK cells
638	B cells
639	B cells
640	B cells
641	B cells
642	CD8 T cells
643	CD14+ Monocytes
644	CD4 T cells
645	CD8 T cells
646	FCGR3A+ Monocytes
647	B cells
648	CD8 T cells
649	CD4 T cells
650	B cells
651	CD14+ Monocytes
652	CD4 T cells
653	B cells
654	CD4 T cells
655	CD4 T cells
656	CD4 T cells
657	CD14+ Monocytes
658	CD14+ Monocytes
659	CD14+ Monocytes
660	CD14+ Monocytes
661	CD4 T cells
662	B cells
663	CD4 T cells
664	CD14+ Monocytes
665	CD14+ Monocytes
666	CD14+ Monocytes
667	CD8 T cells
668	CD4 T cells
669	CD4 T cells
670	FCGR3A+ Monocytes
671	CD4 T cells
672	CD4 T cells
673	CD14+ Monocytes
674	CD4 T cells
675	CD8 T cells
676	NK cells
677	CD8 T cells
678	CD4 T cells
679	CD8 T cells
680	B cells
681	B cells
682	B cells
683	NK cells
684	B cells
685	FCGR3A+ Monocytes
686	CD4 T cells
687	CD4 T cells
688	B cells
689	CD4 T cells
690	CD4 T cells
691	NK cells
692	CD4 T cells
693	CD4 T cells
694	CD4 T cells
695	CD4 T cells
696	NK cells
697	CD14+ Monocytes
698	B cells
699	CD4 T cells
700	B cells
701	CD4 T cells
702	CD14+ Monocytes
703	B cells
704	CD4 T cells
705	CD4 T cells
706	CD14+ Monocytes
707	CD14+ Monocytes
708	CD14+ Monocytes
709	CD4 T cells
710	B cells
711	CD4 T cells
712	CD4 T cells
713	CD8 T cells
714	B cells
715	CD4 T cells
716	NK cells
717	B cells
718	NK cells
719	CD4 T cells
720	CD4 T cells
721	CD4 T cells
722	CD4 T cells
723	Dendritic cells
724	CD8 T cells
725	CD14+ Monocytes
726	CD4 T cells
727	CD4 T cells
728	CD14+ Monocytes
729	CD8 T cells
730	CD14+ Monocytes
731	CD4 T cells
732	CD4 T cells
733	CD14+ Monocytes
734	CD4 T cells
735	CD4 T cells
736	NK cells
737	CD8 T cells
738	CD4 T cells
739	CD14+ Monocytes
740	FCGR3A+ Monocytes
741	CD4 T cells
742	CD4 T cells
743	CD4 T cells
744	CD4 T cells
745	Megakaryocytes
746	CD14+ Monocytes
747	NK cells
748	CD4 T cells
749	CD14+ Monocytes
750	FCGR3A+ Monocytes
751	CD14+ Monocytes
752	CD4 T cells
753	CD8 T cells
754	CD4 T cells
755	CD4 T cells
756	CD4 T cells
757	CD4 T cells
758	CD4 T cells
759	CD4 T cells
760	FCGR3A+ Monocytes
761	CD14+ Monocytes
762	CD4 T cells
763	FCGR3A+ Monocytes
764	B cells
765	B cells
766	B cells
767	Dendritic cells
768	CD4 T cells
769	CD4 T cells
770	FCGR3A+ Monocytes
771	CD4 T cells
772	CD4 T cells
773	CD4 T cells
774	CD8 T cells
775	FCGR3A+ Monocytes
776	CD4 T cells
777	FCGR3A+ Monocytes
778	CD4 T cells
779	CD14+ Monocytes
780	CD4 T cells
781	B cells
782	CD8 T cells
783	CD4 T cells
784	CD14+ Monocytes
785	CD4 T cells
786	CD4 T cells
787	CD14+ Monocytes
788	CD4 T cells
789	CD4 T cells
790	CD14+ Monocytes
791	CD14+ Monocytes
792	CD4 T cells
793	CD4 T cells
794	FCGR3A+ Monocytes
795	CD14+ Monocytes
796	CD8 T cells
797	CD14+ Monocytes
798	CD8 T cells
799	CD14+ Monocytes
800	CD4 T cells
801	B cells
802	B cells
803	FCGR3A+ Monocytes
804	CD8 T cells
805	CD4 T cells
806	CD8 T cells
807	CD4 T cells
808	B cells
809	NK cells
810	B cells
811	CD14+ Monocytes
812	CD14+ Monocytes
813	CD14+ Monocytes
814	CD4 T cells
815	CD8 T cells
816	CD4 T cells
817	CD4 T cells
818	CD4 T cells
819	NK cells
820	CD8 T cells
821	CD4 T cells
822	CD4 T cells
823	CD14+ Monocytes
824	CD14+ Monocytes
825	CD4 T cells
826	CD8 T cells
827	CD8 T cells
828	CD4 T cells
829	CD4 T cells
830	CD4 T cells
831	CD4 T cells
832	CD4 T cells
833	CD14+ Monocytes
834	CD8 T cells
835	FCGR3A+ Monocytes
836	CD4 T cells
837	CD14+ Monocytes
838	CD8 T cells
839	CD4 T cells
840	CD4 T cells
841	CD4 T cells
842	NK cells
843	CD8 T cells
844	CD4 T cells
845	CD8 T cells
846	CD4 T cells
847	CD8 T cells
848	CD8 T cells
849	CD8 T cells
850	B cells
851	CD4 T cells
852	CD8 T cells
853	CD4 T cells
854	CD8 T cells
855	B cells
856	CD4 T cells
857	B cells
858	B cells
859	CD4 T cells
860	B cells
861	CD4 T cells
862	CD4 T cells
863	CD4 T cells
864	CD8 T cells
865	NK cells
866	CD4 T cells
867	B cells
868	CD4 T cells
869	B cells
870	B cells
871	CD8 T cells
872	CD14+ Monocytes
873	CD4 T cells
874	FCGR3A+ Monocytes
875	CD4 T cells
876	CD4 T cells
877	B cells
878	CD8 T cells
879	CD8 T cells
880	CD4 T cells
881	CD4 T cells
882	CD4 T cells
883	FCGR3A+ Monocytes
884	CD4 T cells
885	CD4 T cells
886	CD4 T cells
887	B cells
888	CD8 T cells
889	CD4 T cells
890	NK cells
891	CD4 T cells
892	NK cells
893	CD4 T cells
894	CD14+ Monocytes
895	CD4 T cells
896	CD14+ Monocytes
897	CD4 T cells
898	CD4 T cells
899	CD14+ Monocytes
900	CD14+ Monocytes
901	CD8 T cells
902	CD8 T cells
903	CD14+ Monocytes
904	CD4 T cells
905	CD4 T cells
906	NK cells
907	CD4 T cells
908	CD4 T cells
909	CD14+ Monocytes
910	CD4 T cells
911	CD8 T cells
912	CD14+ Monocytes
913	NK cells
914	CD8 T cells
915	CD14+ Monocytes
916	CD4 T cells
917	CD4 T cells
918	CD4 T cells
919	FCGR3A+ Monocytes
920	B cells
921	B cells
922	CD4 T cells
923	CD4 T cells
924	CD14+ Monocytes
925	CD4 T cells
926	CD4 T cells
927	B cells
928	B cells
929	CD8 T cells
930	CD4 T cells
931	B cells
932	CD4 T cells
933	CD4 T cells
934	B cells
935	CD4 T cells
936	CD14+ Monocytes
937	CD4 T cells
938	NK cells
939	CD4 T cells
940	CD14+ Monocytes
941	CD4 T cells
942	CD4 T cells
943	CD4 T cells
944	CD4 T cells
945	CD14+ Monocytes
946	CD4 T cells
947	CD4 T cells
948	CD4 T cells
949	Dendritic cells
950	B cells
951	CD4 T cells
952	CD4 T cells
953	NK cells
954	NK cells
955	FCGR3A+ Monocytes
956	CD14+ Monocytes
957	CD14+ Monocytes
958	CD14+ Monocytes
959	B cells
960	CD4 T cells
961	CD4 T cells
962	B cells
963	CD4 T cells
964	CD4 T cells
965	B cells
966	FCGR3A+ Monocytes
967	B cells
968	NK cells
969	CD4 T cells
970	CD4 T cells
971	CD4 T cells
972	FCGR3A+ Monocytes
973	CD14+ Monocytes
974	FCGR3A+ Monocytes
975	CD14+ Monocytes
976	CD4 T cells
977	CD8 T cells
978	CD8 T cells
979	CD4 T cells
980	CD14+ Monocytes
981	B cells
982	NK cells
983	CD4 T cells
984	CD4 T cells
985	CD14+ Monocytes
986	CD14+ Monocytes
987	CD4 T cells
988	CD4 T cells
989	B cells
990	CD4 T cells
991	FCGR3A+ Monocytes
992	CD4 T cells
993	CD8 T cells
994	NK cells
995	CD8 T cells
996	CD8 T cells
997	B cells
998	CD4 T cells
999	CD4 T cells
1000	B cells
1001	CD14+ Monocytes
1002	CD14+ Monocytes
1003	CD8 T cells
1004	CD14+ Monocytes
1005	CD14+ Monocytes
1006	CD4 T cells
1007	CD4 T cells
1008	CD4 T cells
1009	CD8 T cells
1010	B cells
1011	CD4 T cells
1012	CD4 T cells
1013	CD4 T cells
1014	CD4 T cells
1015	CD14+ Monocytes
1016	CD4 T cells
1017	CD4 T cells
1018	FCGR3A+ Monocytes
1019	CD4 T cells
1020	CD8 T cells
1021	CD14+ Monocytes
1022	CD14+ Monocytes
1023	CD4 T cells
1024	CD14+ Monocytes
1025	B cells
1026	CD4 T cells
1027	CD4 T cells
1028	CD14+ Monocytes
1029	CD4 T cells
1030	FCGR3A+ Monocytes
1031	CD14+ Monocytes
1032	CD14+ Monocytes
1033	CD4 T cells
1034	CD4 T cells
1035	B cells
1036	B cells
1037	CD14+ Monocytes
1038	CD4 T cells
1039	CD14+ Monocytes
1040	B cells
1041	CD4 T cells
1042	CD4 T cells
1043	CD4 T cells
1044	CD4 T cells
1045	CD4 T cells
1046	B cells
1047	CD14+ Monocytes
1048	CD4 T cells
1049	FCGR3A+ Monocytes
1050	B cells
1051	CD4 T cells
1052	CD14+ Monocytes
1053	CD14+ Monocytes
1054	CD14+ Monocytes
1055	B cells
1056	FCGR3A+ Monocytes
1057	CD14+ Monocytes
1058	CD4 T cells
1059	B cells
1060	CD4 T cells
1061	CD14+ Monocytes
1062	CD14+ Monocytes
1063	CD4 T cells
1064	B cells
1065	CD4 T cells
1066	CD4 T cells
1067	B cells
1068	CD4 T cells
1069	B cells
1070	CD14+ Monocytes
1071	CD8 T cells
1072	FCGR3A+ Monocytes
1073	CD4 T cells
1074	CD14+ Monocytes
1075	CD4 T cells
1076	CD4 T cells
1077	CD4 T cells
1078	CD14+ Monocytes
1079	CD14+ Monocytes
1080	CD8 T cells
1081	B cells
1082	CD14+ Monocytes
1083	CD14+ Monocytes
1084	CD4 T cells
1085	CD4 T cells
1086	B cells
1087	CD8 T cells
1088	CD14+ Monocytes
1089	CD8 T cells
1090	CD4 T cells
1091	CD4 T cells
1092	CD14+ Monocytes
1093	CD8 T cells
1094	CD4 T cells
1095	CD4 T cells
1096	CD4 T cells
1097	B cells
1098	B cells
1099	CD4 T cells
1100	FCGR3A+ Monocytes
1101	CD4 T cells
1102	FCGR3A+ Monocytes
1103	NK cells
1104	CD14+ Monocytes
1105	CD4 T cells
1106	CD4 T cells
1107	CD14+ Monocytes
1108	CD4 T cells
1109	CD8 T cells
1110	CD4 T cells
1111	B cells
1112	CD14+ Monocytes
1113	CD4 T cells
1114	B cells
1115	FCGR3A+ Monocytes
1116	CD4 T cells
1117	B cells
1118	CD14+ Monocytes
1119	CD14+ Monocytes
1120	CD14+ Monocytes
1121	CD4 T cells
1122	CD8 T cells
1123	CD4 T cells
1124	CD8 T cells
1125	B cells
1126	B cells
1127	CD14+ Monocytes
1128	CD4 T cells
1129	CD4 T cells
1130	B cells
1131	NK cells
1132	NK cells
1133	CD4 T cells
1134	CD4 T cells
1135	CD4 T cells
1136	CD8 T cells
1137	CD4 T cells
1138	CD4 T cells
1139	CD4 T cells
1140	CD4 T cells
1141	CD4 T cells
1142	CD14+ Monocytes
1143	CD8 T cells
1144	CD4 T cells
1145	CD14+ Monocytes
1146	CD8 T cells
1147	CD8 T cells
1148	CD4 T cells
1149	CD4 T cells
1150	CD8 T cells
1151	CD4 T cells
1152	CD14+ Monocytes
1153	B cells
1154	CD4 T cells
1155	CD8 T cells
1156	CD14+ Monocytes
1157	CD8 T cells
1158	NK cells
1159	CD14+ Monocytes
1160	B cells
1161	CD4 T cells
1162	FCGR3A+ Monocytes
1163	CD14+ Monocytes
1164	CD8 T cells
1165	B cells
1166	CD14+ Monocytes
1167	CD4 T cells
1168	CD14+ Monocytes
1169	CD4 T cells
1170	CD8 T cells
1171	CD4 T cells
1172	CD4 T cells
1173	Dendritic cells
1174	CD8 T cells
1175	B cells
1176	CD4 T cells
1177	CD4 T cells
1178	CD4 T cells
1179	B cells
1180	CD4 T cells
1181	CD4 T cells
1182	CD4 T cells
1183	CD4 T cells
1184	B cells
1185	CD8 T cells
1186	CD14+ Monocytes
1187	CD8 T cells
1188	CD4 T cells
1189	FCGR3A+ Monocytes
1190	CD4 T cells
1191	FCGR3A+ Monocytes
1192	CD4 T cells
1193	CD14+ Monocytes
1194	CD4 T cells
1195	CD4 T cells
1196	CD4 T cells
1197	CD4 T cells
1198	B cells
1199	B cells
1200	NK cells
1201	CD14+ Monocytes
1202	CD4 T cells
1203	CD8 T cells
1204	B cells
1205	CD4 T cells
1206	CD14+ Monocytes
1207	CD14+ Monocytes
1208	B cells
1209	CD4 T cells
1210	CD4 T cells
1211	CD4 T cells
1212	CD4 T cells
1213	CD14+ Monocytes
1214	CD4 T cells
1215	CD4 T cells
1216	CD8 T cells
1217	CD14+ Monocytes
1218	CD4 T cells
1219	CD4 T cells
1220	CD8 T cells
1221	CD4 T cells
1222	B cells
1223	CD4 T cells
1224	CD8 T cells
1225	CD4 T cells
1226	CD4 T cells
1227	CD14+ Monocytes
1228	CD4 T cells
1229	CD14+ Monocytes
1230	CD8 T cells
1231	CD4 T cells
1232	FCGR3A+ Monocytes
1233	CD8 T cells
1234	CD14+ Monocytes
1235	CD4 T cells
1236	CD8 T cells
1237	CD14+ Monocytes
1238	NK cells
1239	CD4 T cells
1240	NK cells
1241	CD4 T cells
1242	CD8 T cells
1243	CD8 T cells
1244	NK cells
1245	CD4 T cells
1246	CD8 T cells
1247	CD4 T cells
1248	CD4 T cells
1249	CD4 T cells
1250	CD4 T cells
1251	CD4 T cells
1252	CD4 T cells
1253	CD4 T cells
1254	NK cells
1255	CD14+ Monocytes
1256	CD4 T cells
1257	FCGR3A+ Monocytes
1258	CD14+ Monocytes
1259	CD4 T cells
1260	CD4 T cells
1261	CD8 T cells
1262	CD4 T cells
1263	CD8 T cells
1264	CD4 T cells
1265	CD4 T cells
1266	CD14+ Monocytes
1267	CD4 T cells
1268	NK cells
1269	NK cells
1270	CD14+ Monocytes
1271	NK cells
1272	CD4 T cells
1273	CD14+ Monocytes
1274	CD8 T cells
1275	CD4 T cells
1276	NK cells
1277	B cells
1278	CD4 T cells
1279	CD14+ Monocytes
1280	NK cells
1281	CD4 T cells
1282	CD8 T cells
1283	CD4 T cells
1284	CD4 T cells
1285	CD14+ Monocytes
1286	B cells
1287	CD4 T cells
1288	CD4 T cells
1289	CD4 T cells
1290	CD14+ Monocytes
1291	CD8 T cells
1292	CD4 T cells
1293	FCGR3A+ Monocytes
1294	CD4 T cells
1295	NK cells
1296	CD14+ Monocytes
1297	CD14+ Monocytes
1298	CD14+ Monocytes
1299	CD8 T cells
1300	B cells
1301	NK cells
1302	CD14+ Monocytes
1303	CD4 T cells
1304	CD8 T cells
1305	FCGR3A+ Monocytes
1306	CD4 T cells
1307	CD4 T cells
1308	B cells
1309	B cells
1310	CD4 T cells
1311	FCGR3A+ Monocytes
1312	CD4 T cells
1313	CD4 T cells
1314	NK cells
1315	B cells
1316	CD14+ Monocytes
1317	CD4 T cells
1318	CD14+ Monocytes
1319	NK cells
1320	NK cells
1321	CD4 T cells
1322	CD4 T cells
1323	CD14+ Monocytes
1324	CD14+ Monocytes
1325	CD4 T cells
1326	CD4 T cells
1327	CD4 T cells
1328	CD14+ Monocytes
1329	CD4 T cells
1330	CD4 T cells
1331	B cells
1332	CD4 T cells
1333	CD4 T cells
1334	CD4 T cells
1335	CD14+ Monocytes
1336	CD14+ Monocytes
1337	FCGR3A+ Monocytes
1338	CD8 T cells
1339	CD4 T cells
1340	CD14+ Monocytes
1341	CD4 T cells
1342	CD4 T cells
1343	CD14+ Monocytes
1344	CD4 T cells
1345	CD14+ Monocytes
1346	CD4 T cells
1347	FCGR3A+ Monocytes
1348	CD4 T cells
1349	CD4 T cells
1350	CD14+ Monocytes
1351	Dendritic cells
1352	CD4 T cells
1353	CD4 T cells
1354	FCGR3A+ Monocytes
1355	CD14+ Monocytes
1356	CD4 T cells
1357	CD14+ Monocytes
1358	CD4 T cells
1359	CD4 T cells
1360	NK cells
1361	CD8 T cells
1362	CD8 T cells
1363	CD4 T cells
1364	CD4 T cells
1365	CD4 T cells
1366	CD14+ Monocytes
1367	CD4 T cells
1368	CD4 T cells
1369	CD4 T cells
1370	B cells
1371	FCGR3A+ Monocytes
1372	B cells
1373	CD4 T cells
1374	CD4 T cells
1375	CD4 T cells
1376	CD8 T cells
1377	CD4 T cells
1378	CD4 T cells
1379	NK cells
1380	CD4 T cells
1381	CD14+ Monocytes
1382	CD4 T cells
1383	CD4 T cells
1384	CD14+ Monocytes
1385	CD8 T cells
1386	CD8 T cells
1387	CD4 T cells
1388	CD14+ Monocytes
1389	CD8 T cells
1390	CD4 T cells
1391	CD8 T cells
1392	CD8 T cells
1393	CD8 T cells
1394	CD4 T cells
1395	CD8 T cells
1396	CD4 T cells
1397	B cells
1398	CD14+ Monocytes
1399	CD4 T cells
1400	CD4 T cells
1401	CD4 T cells
1402	CD14+ Monocytes
1403	CD4 T cells
1404	FCGR3A+ Monocytes
1405	CD8 T cells
1406	CD14+ Monocytes
1407	CD14+ Monocytes
1408	CD4 T cells
1409	CD4 T cells
1410	B cells
1411	CD4 T cells
1412	CD4 T cells
1413	CD4 T cells
1414	B cells
1415	CD4 T cells
1416	CD14+ Monocytes
1417	CD4 T cells
1418	CD4 T cells
1419	CD4 T cells
1420	CD4 T cells
1421	CD4 T cells
1422	FCGR3A+ Monocytes
1423	B cells
1424	CD4 T cells
1425	CD8 T cells
1426	CD4 T cells
1427	CD8 T cells
1428	CD14+ Monocytes
1429	CD4 T cells
1430	CD4 T cells
1431	B cells
1432	B cells
1433	CD4 T cells
1434	CD4 T cells
1435	CD4 T cells
1436	CD4 T cells
1437	CD4 T cells
1438	CD8 T cells
1439	NK cells
1440	CD4 T cells
1441	CD4 T cells
1442	CD4 T cells
1443	CD8 T cells
1444	CD4 T cells
1445	CD4 T cells
1446	CD4 T cells
1447	CD4 T cells
1448	CD4 T cells
1449	CD4 T cells
1450	CD4 T cells
1451	CD4 T cells
1452	FCGR3A+ Monocytes
1453	CD4 T cells
1454	CD4 T cells
1455	FCGR3A+ Monocytes
1456	CD14+ Monocytes
1457	CD4 T cells
1458	B cells
1459	Dendritic cells
1460	CD14+ Monocytes
1461	CD4 T cells
1462	CD14+ Monocytes
1463	B cells
1464	CD4 T cells
1465	CD14+ Monocytes
1466	CD4 T cells
1467	FCGR3A+ Monocytes
1468	FCGR3A+ Monocytes
1469	CD4 T cells
1470	NK cells
1471	CD8 T cells
1472	CD4 T cells
1473	CD4 T cells
1474	CD4 T cells
1475	FCGR3A+ Monocytes
1476	CD14+ Monocytes
1477	CD4 T cells
1478	CD14+ Monocytes
1479	CD14+ Monocytes
1480	CD4 T cells
1481	CD4 T cells
1482	CD14+ Monocytes
1483	CD4 T cells
1484	CD4 T cells
1485	Dendritic cells
1486	CD8 T cells
1487	FCGR3A+ Monocytes
1488	CD14+ Monocytes
1489	B cells
1490	B cells
1491	CD4 T cells
1492	NK cells
1493	CD14+ Monocytes
1494	CD4 T cells
1495	CD4 T cells
1496	NK cells
1497	CD4 T cells
1498	CD4 T cells
1499	CD4 T cells
1500	NK cells
1501	B cells
1502	CD4 T cells
1503	CD4 T cells
1504	CD4 T cells
1505	CD4 T cells
1506	B cells
1507	CD4 T cells
1508	FCGR3A+ Monocytes
1509	FCGR3A+ Monocytes
1510	B cells
1511	Dendritic cells
1512	CD14+ Monocytes
1513	CD14+ Monocytes
1514	B cells
1515	CD4 T cells
1516	CD4 T cells
1517	CD4 T cells
1518	CD14+ Monocytes
1519	CD4 T cells
1520	CD4 T cells
1521	B cells
1522	CD4 T cells
1523	Megakaryocytes
1524	NK cells
1525	CD14+ Monocytes
1526	CD4 T cells
1527	CD4 T cells
1528	CD4 T cells
1529	CD4 T cells
1530	CD4 T cells
1531	CD4 T cells
1532	CD14+ Monocytes
1533	B cells
1534	B cells
1535	CD4 T cells
1536	CD4 T cells
1537	CD4 T cells
1538	CD14+ Monocytes
1539	CD14+ Monocytes
1540	CD4 T cells
1541	CD4 T cells
1542	B cells
1543	B cells
1544	CD14+ Monocytes
1545	FCGR3A+ Monocytes
1546	CD8 T cells
1547	CD4 T cells
1548	CD8 T cells
1549	CD4 T cells
1550	CD14+ Monocytes
1551	CD8 T cells
1552	NK cells
1553	CD14+ Monocytes
1554	B cells
1555	CD4 T cells
1556	B cells
1557	CD8 T cells
1558	CD4 T cells
1559	CD4 T cells
1560	CD4 T cells
1561	CD4 T cells
1562	CD4 T cells
1563	CD4 T cells
1564	CD14+ Monocytes
1565	NK cells
1566	CD4 T cells
1567	CD14+ Monocytes
1568	CD4 T cells
1569	NK cells
1570	CD14+ Monocytes
1571	CD14+ Monocytes
1572	CD4 T cells
1573	CD4 T cells
1574	CD4 T cells
1575	B cells
1576	CD4 T cells
1577	CD8 T cells
1578	B cells
1579	B cells
1580	CD4 T cells
1581	B cells
1582	CD4 T cells
1583	B cells
1584	CD4 T cells
1585	CD4 T cells
1586	CD14+ Monocytes
1587	CD8 T cells
1588	CD14+ Monocytes
1589	Megakaryocytes
1590	FCGR3A+ Monocytes
1591	CD14+ Monocytes
1592	CD14+ Monocytes
1593	CD4 T cells
1594	CD4 T cells
1595	CD14+ Monocytes
1596	NK cells
1597	CD4 T cells
1598	Dendritic cells
1599	CD4 T cells
1600	CD14+ Monocytes
1601	CD4 T cells
1602	CD4 T cells
1603	CD4 T cells
1604	CD4 T cells
1605	CD8 T cells
1606	CD14+ Monocytes
1607	CD4 T cells
1608	CD14+ Monocytes
1609	CD4 T cells
1610	FCGR3A+ Monocytes
1611	CD4 T cells
1612	NK cells
1613	CD8 T cells
1614	CD14+ Monocytes
1615	CD4 T cells
1616	B cells
1617	B cells
1618	CD14+ Monocytes
1619	CD4 T cells
1620	CD4 T cells
1621	CD4 T cells
1622	B cells
1623	FCGR3A+ Monocytes
1624	CD4 T cells
1625	CD14+ Monocytes
1626	CD14+ Monocytes
1627	CD4 T cells
1628	CD4 T cells
1629	CD4 T cells
1630	CD14+ Monocytes
1631	CD4 T cells
1632	CD4 T cells
1633	CD4 T cells
1634	CD14+ Monocytes
1635	FCGR3A+ Monocytes
1636	CD14+ Monocytes
1637	CD4 T cells
1638	B cells
1639	B cells
1640	B cells
1641	B cells
1642	CD4 T cells
1643	FCGR3A+ Monocytes
1644	B cells
1645	CD14+ Monocytes
1646	CD4 T cells
1647	CD14+ Monocytes
1648	CD14+ Monocytes
1649	CD4 T cells
1650	CD8 T cells
1651	CD4 T cells
1652	CD4 T cells
1653	CD4 T cells
1654	CD14+ Monocytes
1655	CD14+ Monocytes
1656	CD4 T cells
1657	CD4 T cells
1658	CD8 T cells
1659	CD4 T cells
1660	CD14+ Monocytes
1661	NK cells
1662	CD14+ Monocytes
1663	CD14+ Monocytes
1664	NK cells
1665	CD14+ Monocytes
1666	CD4 T cells
1667	CD4 T cells
1668	CD14+ Monocytes
1669	CD4 T cells
1670	CD4 T cells
1671	CD14+ Monocytes
1672	CD4 T cells
1673	B cells
1674	FCGR3A+ Monocytes
1675	B cells
1676	NK cells
1677	CD4 T cells
1678	CD8 T cells
1679	CD8 T cells
1680	CD4 T cells
1681	CD4 T cells
1682	CD4 T cells
1683	CD4 T cells
1684	CD4 T cells
1685	CD4 T cells
1686	CD4 T cells
1687	CD4 T cells
1688	NK cells
1689	CD8 T cells
1690	CD4 T cells
1691	CD4 T cells
1692	CD8 T cells
1693	CD4 T cells
1694	CD4 T cells
1695	CD8 T cells
1696	CD8 T cells
1697	CD4 T cells
1698	CD4 T cells
1699	CD14+ Monocytes
1700	CD4 T cells
1701	CD4 T cells
1702	CD4 T cells
1703	CD8 T cells
1704	CD8 T cells
1705	CD14+ Monocytes
1706	CD4 T cells
1707	CD8 T cells
1708	NK cells
1709	CD8 T cells
1710	CD4 T cells
1711	CD4 T cells
1712	CD14+ Monocytes
1713	NK cells
1714	FCGR3A+ Monocytes
1715	CD4 T cells
1716	B cells
1717	CD4 T cells
1718	CD4 T cells
1719	FCGR3A+ Monocytes
1720	CD4 T cells
1721	CD8 T cells
1722	CD8 T cells
1723	CD14+ Monocytes
1724	CD4 T cells
1725	CD4 T cells
1726	CD4 T cells
1727	B cells
1728	CD4 T cells
1729	CD14+ Monocytes
1730	CD4 T cells
1731	CD4 T cells
1732	CD4 T cells
1733	CD14+ Monocytes
1734	CD4 T cells
1735	Megakaryocytes
1736	CD4 T cells
1737	NK cells
1738	CD4 T cells
1739	B cells
1740	CD4 T cells
1741	NK cells
1742	CD4 T cells
1743	CD4 T cells
1744	B cells
1745	CD14+ Monocytes
1746	Dendritic cells
1747	FCGR3A+ Monocytes
1748	CD4 T cells
1749	CD14+ Monocytes
1750	CD4 T cells
1751	B cells
1752	CD14+ Monocytes
1753	CD4 T cells
1754	CD4 T cells
1755	CD4 T cells
1756	CD4 T cells
1757	B cells
1758	CD4 T cells
1759	CD4 T cells
1760	CD14+ Monocytes
1761	CD8 T cells
1762	CD4 T cells
1763	CD8 T cells
1764	CD4 T cells
1765	CD4 T cells
1766	B cells
1767	CD14+ Monocytes
1768	CD4 T cells
1769	CD8 T cells
1770	CD4 T cells
1771	CD14+ Monocytes
1772	CD14+ Monocytes
1773	CD14+ Monocytes
1774	CD8 T cells
1775	CD4 T cells
1776	CD14+ Monocytes
1777	CD4 T cells
1778	CD14+ Monocytes
1779	Megakaryocytes
1780	CD4 T cells
1781	CD14+ Monocytes
1782	CD4 T cells
1783	CD14+ Monocytes
1784	B cells
1785	CD14+ Monocytes
1786	CD4 T cells
1787	CD4 T cells
1788	CD8 T cells
1789	NK cells
1790	CD4 T cells
1791	CD4 T cells
1792	B cells
1793	CD14+ Monocytes
1794	CD4 T cells
1795	CD4 T cells
1796	CD8 T cells
1797	B cells
1798	CD4 T cells
1799	CD14+ Monocytes
1800	CD14+ Monocytes
1801	Dendritic cells
1802	CD4 T cells
1803	CD14+ Monocytes
1804	CD8 T cells
1805	CD14+ Monocytes
1806	CD8 T cells
1807	CD4 T cells
1808	NK cells
1809	B cells
1810	B cells
1811	B cells
1812	CD14+ Monocytes
1813	CD4 T cells
1814	CD4 T cells
1815	CD14+ Monocytes
1816	CD14+ Monocytes
1817	NK cells
1818	CD4 T cells
1819	CD4 T cells
1820	CD4 T cells
1821	CD4 T cells
1822	CD4 T cells
1823	CD4 T cells
1824	CD8 T cells
1825	B cells
1826	CD4 T cells
1827	CD14+ Monocytes
1828	CD8 T cells
1829	CD4 T cells
1830	CD14+ Monocytes
1831	NK cells
1832	CD4 T cells
1833	CD14+ Monocytes
1834	CD4 T cells
1835	B cells
1836	CD8 T cells
1837	B cells
1838	FCGR3A+ Monocytes
1839	CD4 T cells
1840	NK cells
1841	Megakaryocytes
1842	CD4 T cells
1843	CD4 T cells
1844	CD4 T cells
1845	CD14+ Monocytes
1846	CD4 T cells
1847	CD4 T cells
1848	CD4 T cells
1849	NK cells
1850	CD4 T cells
1851	CD4 T cells
1852	CD8 T cells
1853	CD8 T cells
1854	CD4 T cells
1855	FCGR3A+ Monocytes
1856	CD4 T cells
1857	CD4 T cells
1858	CD4 T cells
1859	CD8 T cells
1860	CD4 T cells
1861	CD8 T cells
1862	CD4 T cells
1863	CD4 T cells
1864	NK cells
1865	CD4 T cells
1866	CD8 T cells
1867	CD4 T cells
1868	CD14+ Monocytes
1869	FCGR3A+ Monocytes
1870	B cells
1871	CD14+ Monocytes
1872	CD14+ Monocytes
1873	CD8 T cells
1874	CD4 T cells
1875	CD4 T cells
1876	CD4 T cells
1877	CD4 T cells
1878	CD4 T cells
1879	CD4 T cells
1880	CD14+ Monocytes
1881	CD4 T cells
1882	B cells
1883	B cells
1884	CD4 T cells
1885	CD14+ Monocytes
1886	CD4 T cells
1887	CD14+ Monocytes
1888	CD4 T cells
1889	CD4 T cells
1890	CD8 T cells
1891	CD4 T cells
1892	Dendritic cells
1893	B cells
1894	CD14+ Monocytes
1895	B cells
1896	CD8 T cells
1897	CD4 T cells
1898	CD4 T cells
1899	B cells
1900	CD4 T cells
1901	NK cells
1902	CD8 T cells
1903	CD4 T cells
1904	B cells
1905	CD8 T cells
1906	CD4 T cells
1907	CD4 T cells
1908	CD4 T cells
1909	CD14+ Monocytes
1910	CD8 T cells
1911	CD14+ Monocytes
1912	CD4 T cells
1913	CD14+ Monocytes
1914	CD8 T cells
1915	CD14+ Monocytes
1916	B cells
1917	CD4 T cells
1918	CD14+ Monocytes
1919	CD14+ Monocytes
1920	B cells
1921	CD14+ Monocytes
1922	CD4 T cells
1923	NK cells
1924	CD4 T cells
1925	NK cells
1926	CD4 T cells
1927	CD14+ Monocytes
1928	CD8 T cells
1929	CD8 T cells
1930	CD14+ Monocytes
1931	B cells
1932	B cells
1933	B cells
1934	CD4 T cells
1935	B cells
1936	CD14+ Monocytes
1937	CD14+ Monocytes
1938	CD4 T cells
1939	FCGR3A+ Monocytes
1940	CD4 T cells
1941	CD8 T cells
1942	CD4 T cells
1943	CD8 T cells
1944	CD8 T cells
1945	CD14+ Monocytes
1946	CD4 T cells
1947	CD14+ Monocytes
1948	B cells
1949	CD14+ Monocytes
1950	B cells
1951	CD14+ Monocytes
1952	CD4 T cells
1953	FCGR3A+ Monocytes
1954	CD4 T cells
1955	CD14+ Monocytes
1956	CD4 T cells
1957	NK cells
1958	CD14+ Monocytes
1959	CD4 T cells
1960	CD14+ Monocytes
1961	CD8 T cells
1962	CD8 T cells
1963	CD4 T cells
1964	CD4 T cells
1965	CD4 T cells
1966	CD4 T cells
1967	CD8 T cells
1968	CD4 T cells
1969	CD14+ Monocytes
1970	CD8 T cells
1971	CD8 T cells
1972	CD4 T cells
1973	CD4 T cells
1974	CD4 T cells
1975	B cells
1976	CD8 T cells
1977	Megakaryocytes
1978	CD8 T cells
1979	CD4 T cells
1980	CD4 T cells
1981	CD4 T cells
1982	FCGR3A+ Monocytes
1983	CD4 T cells
1984	CD14+ Monocytes
1985	CD14+ Monocytes
1986	NK cells
1987	CD4 T cells
1988	B cells
1989	CD14+ Monocytes
1990	CD14+ Monocytes
1991	CD4 T cells
1992	CD4 T cells
1993	CD8 T cells
1994	CD4 T cells
1995	B cells
1996	CD8 T cells
1997	CD4 T cells
1998	CD14+ Monocytes
1999	NK cells
2000	CD4 T cells
2001	B cells
2002	CD4 T cells
2003	FCGR3A+ Monocytes
2004	CD4 T cells
2005	CD4 T cells
2006	CD4 T cells
2007	CD4 T cells
2008	B cells
2009	CD8 T cells
2010	B cells
2011	CD8 T cells
2012	NK cells
2013	CD4 T cells
2014	B cells
2015	CD4 T cells
2016	Dendritic cells
2017	CD4 T cells
2018	CD14+ Monocytes
2019	FCGR3A+ Monocytes
2020	B cells
2021	CD8 T cells
2022	CD4 T cells
2023	CD4 T cells
2024	NK cells
2025	CD4 T cells
2026	NK cells
2027	NK cells
2028	CD14+ Monocytes
2029	CD4 T cells
2030	CD4 T cells
2031	CD8 T cells
2032	FCGR3A+ Monocytes
2033	CD14+ Monocytes
2034	CD4 T cells
2035	CD14+ Monocytes
2036	CD8 T cells
2037	CD4 T cells
2038	B cells
2039	CD4 T cells
2040	CD4 T cells
2041	B cells
2042	CD14+ Monocytes
2043	CD14+ Monocytes
2044	Megakaryocytes
2045	B cells
2046	CD4 T cells
2047	CD14+ Monocytes
2048	CD4 T cells
2049	CD4 T cells
2050	CD4 T cells
2051	CD4 T cells
2052	CD14+ Monocytes
2053	B cells
2054	CD14+ Monocytes
2055	NK cells
2056	CD14+ Monocytes
2057	B cells
2058	NK cells
2059	CD14+ Monocytes
2060	CD4 T cells
2061	CD4 T cells
2062	CD14+ Monocytes
2063	CD14+ Monocytes
2064	CD4 T cells
2065	FCGR3A+ Monocytes
2066	CD8 T cells
2067	CD4 T cells
2068	CD14+ Monocytes
2069	CD4 T cells
2070	CD4 T cells
2071	B cells
2072	B cells
2073	CD4 T cells
2074	CD4 T cells
2075	CD4 T cells
2076	CD4 T cells
2077	NK cells
2078	CD4 T cells
2079	CD14+ Monocytes
2080	CD4 T cells
2081	CD4 T cells
2082	CD14+ Monocytes
2083	CD4 T cells
2084	CD8 T cells
2085	CD4 T cells
2086	CD4 T cells
2087	CD8 T cells
2088	CD4 T cells
2089	FCGR3A+ Monocytes
2090	B cells
2091	FCGR3A+ Monocytes
2092	CD4 T cells
2093	CD14+ Monocytes
2094	CD14+ Monocytes
2095	CD14+ Monocytes
2096	CD4 T cells
2097	CD4 T cells
2098	FCGR3A+ Monocytes
2099	CD4 T cells
2100	CD4 T cells
2101	CD4 T cells
2102	CD14+ Monocytes
2103	CD8 T cells
2104	NK cells
2105	CD4 T cells
2106	FCGR3A+ Monocytes
2107	B cells
2108	B cells
2109	NK cells
2110	CD8 T cells
2111	CD4 T cells
2112	B cells
2113	CD4 T cells
2114	CD14+ Monocytes
2115	B cells
2116	CD4 T cells
2117	CD14+ Monocytes
2118	CD4 T cells
2119	CD4 T cells
2120	CD4 T cells
2121	CD14+ Monocytes
2122	CD8 T cells
2123	CD4 T cells
2124	CD4 T cells
2125	CD14+ Monocytes
2126	B cells
2127	CD4 T cells
2128	NK cells
2129	CD4 T cells
2130	B cells
2131	CD4 T cells
2132	CD4 T cells
2133	NK cells
2134	B cells
2135	CD8 T cells
2136	B cells
2137	CD4 T cells
2138	CD4 T cells
2139	CD14+ Monocytes
2140	CD8 T cells
2141	CD4 T cells
2142	CD4 T cells
2143	CD4 T cells
2144	CD4 T cells
2145	B cells
2146	B cells
2147	CD8 T cells
2148	NK cells
2149	CD4 T cells
2150	FCGR3A+ Monocytes
2151	CD4 T cells
2152	CD4 T cells
2153	CD4 T cells
2154	CD8 T cells
2155	NK cells
2156	CD4 T cells
2157	CD8 T cells
2158	CD4 T cells
2159	CD8 T cells
2160	CD14+ Monocytes
2161	B cells
2162	CD4 T cells
2163	CD8 T cells
2164	CD4 T cells
2165	B cells
2166	CD4 T cells
2167	B cells
2168	B cells
2169	Dendritic cells
2170	CD8 T cells
2171	CD14+ Monocytes
2172	CD8 T cells
2173	CD4 T cells
2174	B cells
2175	CD4 T cells
2176	B cells
2177	CD4 T cells
2178	CD4 T cells
2179	FCGR3A+ Monocytes
2180	CD14+ Monocytes
2181	CD4 T cells
2182	CD4 T cells
2183	CD4 T cells
2184	CD14+ Monocytes
2185	B cells
2186	CD4 T cells
2187	CD4 T cells
2188	CD8 T cells
2189	CD8 T cells
2190	NK cells
2191	NK cells
2192	CD4 T cells
2193	CD4 T cells
2194	FCGR3A+ Monocytes
2195	FCGR3A+ Monocytes
2196	CD14+ Monocytes
2197	FCGR3A+ Monocytes
2198	CD8 T cells
2199	CD4 T cells
2200	CD4 T cells
2201	B cells
2202	CD4 T cells
2203	CD4 T cells
2204	FCGR3A+ Monocytes
2205	CD14+ Monocytes
2206	CD8 T cells
2207	NK cells
2208	FCGR3A+ Monocytes
2209	CD8 T cells
2210	CD14+ Monocytes
2211	CD4 T cells
2212	CD8 T cells
2213	CD8 T cells
2214	CD4 T cells
2215	NK cells
2216	FCGR3A+ Monocytes
2217	CD4 T cells
2218	NK cells
2219	B cells
2220	CD4 T cells
2221	B cells
2222	CD14+ Monocytes
2223	B cells
2224	CD14+ Monocytes
2225	CD4 T cells
2226	CD14+ Monocytes
2227	CD4 T cells
2228	CD4 T cells
2229	CD8 T cells
2230	CD14+ Monocytes
2231	NK cells
2232	CD4 T cells
2233	NK cells
2234	CD4 T cells
2235	CD8 T cells
2236	CD14+ Monocytes
2237	CD8 T cells
2238	FCGR3A+ Monocytes
2239	CD4 T cells
2240	CD14+ Monocytes
2241	CD8 T cells
2242	CD4 T cells
2243	CD14+ Monocytes
2244	FCGR3A+ Monocytes
2245	CD8 T cells
2246	FCGR3A+ Monocytes
2247	B cells
2248	CD8 T cells
2249	B cells
2250	CD4 T cells
2251	NK cells
2252	CD4 T cells
2253	CD4 T cells
2254	CD8 T cells
2255	B cells
2256	CD8 T cells
2257	CD4 T cells
2258	FCGR3A+ Monocytes
2259	CD8 T cells
2260	CD14+ Monocytes
2261	CD4 T cells
2262	CD4 T cells
2263	CD14+ Monocytes
2264	CD4 T cells
2265	CD4 T cells
2266	FCGR3A+ Monocytes
2267	CD4 T cells
2268	CD4 T cells
2269	CD14+ Monocytes
2270	B cells
2271	CD4 T cells
2272	B cells
2273	CD4 T cells
2274	CD4 T cells
2275	CD8 T cells
2276	CD4 T cells
2277	CD14+ Monocytes
2278	NK cells
2279	FCGR3A+ Monocytes
2280	CD4 T cells
2281	CD14+ Monocytes
2282	B cells
2283	CD14+ Monocytes
2284	CD4 T cells
2285	CD4 T cells
2286	CD8 T cells
2287	CD4 T cells
2288	CD4 T cells
2289	NK cells
2290	CD8 T cells
2291	CD4 T cells
2292	CD8 T cells
2293	CD8 T cells
2294	FCGR3A+ Monocytes
2295	CD14+ Monocytes
2296	CD4 T cells
2297	CD4 T cells
2298	CD4 T cells
2299	B cells
2300	CD8 T cells
2301	CD4 T cells
2302	CD8 T cells
2303	CD4 T cells
2304	CD14+ Monocytes
2305	CD4 T cells
2306	NK cells
2307	CD14+ Monocytes
2308	B cells
2309	CD8 T cells
2310	CD4 T cells
2311	B cells
2312	CD4 T cells
2313	B cells
2314	CD4 T cells
2315	CD4 T cells
2316	B cells
2317	CD4 T cells
2318	CD4 T cells
2319	NK cells
2320	Dendritic cells
2321	CD4 T cells
2322	CD4 T cells
2323	CD8 T cells
2324	FCGR3A+ Monocytes
2325	CD14+ Monocytes
2326	B cells
2327	CD14+ Monocytes
2328	CD14+ Monocytes
2329	CD14+ Monocytes
2330	CD14+ Monocytes
2331	CD8 T cells
2332	B cells
2333	CD4 T cells
2334	CD4 T cells
2335	CD4 T cells
2336	CD14+ Monocytes
2337	CD14+ Monocytes
2338	CD8 T cells
2339	CD14+ Monocytes
2340	CD4 T cells
2341	FCGR3A+ Monocytes
2342	FCGR3A+ Monocytes
2343	CD8 T cells
2344	CD4 T cells
2345	B cells
2346	CD4 T cells
2347	CD4 T cells
2348	CD8 T cells
2349	B cells
2350	CD4 T cells
2351	CD4 T cells
2352	CD4 T cells
2353	CD4 T cells
2354	CD14+ Monocytes
2355	CD8 T cells
2356	CD4 T cells
2357	CD14+ Monocytes
2358	CD4 T cells
2359	CD4 T cells
2360	B cells
2361	CD4 T cells
2362	CD4 T cells
2363	CD14+ Monocytes
2364	CD4 T cells
2365	CD4 T cells
2366	CD8 T cells
2367	CD8 T cells
2368	FCGR3A+ Monocytes
2369	CD14+ Monocytes
2370	CD14+ Monocytes
2371	CD14+ Monocytes
2372	CD4 T cells
2373	FCGR3A+ Monocytes
2374	B cells
2375	CD4 T cells
2376	CD4 T cells
2377	NK cells
2378	CD4 T cells
2379	CD14+ Monocytes
2380	CD4 T cells
2381	CD4 T cells
2382	CD4 T cells
2383	CD4 T cells
2384	CD8 T cells
2385	CD4 T cells
2386	B cells
2387	FCGR3A+ Monocytes
2388	B cells
2389	FCGR3A+ Monocytes
2390	CD4 T cells
2391	B cells
2392	CD4 T cells
2393	CD4 T cells
2394	B cells
2395	CD4 T cells
2396	CD4 T cells
2397	CD4 T cells
2398	CD14+ Monocytes
2399	B cells
2400	NK cells
2401	FCGR3A+ Monocytes
2402	CD4 T cells
2403	CD4 T cells
2404	NK cells
2405	CD4 T cells
2406	CD4 T cells
2407	FCGR3A+ Monocytes
2408	B cells
2409	B cells
2410	B cells
2411	CD4 T cells
2412	CD4 T cells
2413	B cells
2414	B cells
2415	B cells
2416	CD14+ Monocytes
2417	CD14+ Monocytes
2418	CD14+ Monocytes
2419	B cells
2420	FCGR3A+ Monocytes
2421	CD8 T cells
2422	CD4 T cells
2423	CD14+ Monocytes
2424	CD8 T cells
2425	NK cells
2426	CD4 T cells
2427	B cells
2428	CD4 T cells
2429	FCGR3A+ Monocytes
2430	CD4 T cells
2431	NK cells
2432	CD8 T cells
2433	CD4 T cells
2434	CD14+ Monocytes
2435	CD8 T cells
2436	CD14+ Monocytes
2437	CD4 T cells
2438	CD14+ Monocytes
2439	CD4 T cells
2440	CD8 T cells
2441	CD14+ Monocytes
2442	CD4 T cells
2443	CD4 T cells
2444	B cells
2445	B cells
2446	CD8 T cells
2447	B cells
2448	CD4 T cells
2449	CD14+ Monocytes
2450	CD4 T cells
2451	CD4 T cells
2452	B cells
2453	CD14+ Monocytes
2454	CD4 T cells
2455	NK cells
2456	CD4 T cells
2457	CD14+ Monocytes
2458	CD4 T cells
2459	CD4 T cells
2460	CD4 T cells
2461	CD14+ Monocytes
2462	CD4 T cells
2463	CD4 T cells
2464	CD14+ Monocytes
2465	NK cells
2466	NK cells
2467	FCGR3A+ Monocytes
2468	B cells
2469	CD4 T cells
2470	Dendritic cells
2471	CD4 T cells
2472	CD4 T cells
2473	CD8 T cells
2474	CD4 T cells
2475	B cells
2476	CD4 T cells
2477	CD4 T cells
2478	CD4 T cells
2479	FCGR3A+ Monocytes
2480	CD4 T cells
2481	CD8 T cells
2482	FCGR3A+ Monocytes
2483	CD4 T cells
2484	CD4 T cells
2485	FCGR3A+ Monocytes
2486	CD8 T cells
2487	B cells
2488	CD4 T cells
2489	B cells
2490	CD14+ Monocytes
2491	CD14+ Monocytes
2492	FCGR3A+ Monocytes
2493	FCGR3A+ Monocytes
2494	CD8 T cells
2495	CD8 T cells
2496	CD4 T cells
2497	CD8 T cells
2498	CD8 T cells
2499	CD4 T cells
2500	CD4 T cells
2501	CD14+ Monocytes
2502	CD4 T cells
2503	CD8 T cells
2504	B cells
2505	CD4 T cells
2506	CD14+ Monocytes
2507	Megakaryocytes
2508	CD14+ Monocytes
2509	Dendritic cells
2510	CD4 T cells
2511	NK cells
2512	CD4 T cells
2513	CD4 T cells
2514	CD4 T cells
2515	CD14+ Monocytes
2516	CD4 T cells
2517	CD14+ Monocytes
2518	CD4 T cells
2519	CD8 T cells
2520	B cells
2521	CD14+ Monocytes
2522	CD14+ Monocytes
2523	CD4 T cells
2524	B cells
2525	NK cells
2526	CD4 T cells
2527	B cells
2528	FCGR3A+ Monocytes
2529	CD4 T cells
2530	B cells
2531	Dendritic cells
2532	CD14+ Monocytes
2533	B cells
2534	B cells
2535	CD4 T cells
2536	CD8 T cells
2537	CD4 T cells
2538	CD14+ Monocytes
2539	FCGR3A+ Monocytes
2540	CD14+ Monocytes
2541	CD4 T cells
2542	CD4 T cells
2543	CD4 T cells
2544	CD4 T cells
2545	CD14+ Monocytes
2546	FCGR3A+ Monocytes
2547	CD4 T cells
2548	CD4 T cells
2549	CD4 T cells
2550	CD4 T cells
2551	CD14+ Monocytes
2552	CD4 T cells
2553	CD14+ Monocytes
2554	CD4 T cells
2555	B cells
2556	CD14+ Monocytes
2557	CD4 T cells
2558	CD14+ Monocytes
2559	CD4 T cells
2560	CD14+ Monocytes
2561	B cells
2562	NK cells
2563	CD8 T cells
2564	CD14+ Monocytes
2565	CD4 T cells
2566	NK cells
2567	CD14+ Monocytes
2568	CD4 T cells
2569	FCGR3A+ Monocytes
2570	CD4 T cells
2571	CD4 T cells
2572	FCGR3A+ Monocytes
2573	CD4 T cells
2574	CD14+ Monocytes
2575	CD4 T cells
2576	CD8 T cells
2577	CD8 T cells
2578	CD4 T cells
2579	CD14+ Monocytes
2580	CD4 T cells
2581	CD4 T cells
2582	CD4 T cells
2583	CD14+ Monocytes
2584	NK cells
2585	CD14+ Monocytes
2586	CD4 T cells
2587	B cells
2588	CD4 T cells
2589	NK cells
2590	FCGR3A+ Monocytes
2591	B cells
2592	FCGR3A+ Monocytes
2593	CD4 T cells
2594	B cells
2595	CD4 T cells
2596	B cells
2597	CD14+ Monocytes
2598	Dendritic cells
2599	CD4 T cells
2600	CD8 T cells
2601	CD14+ Monocytes
2602	CD4 T cells
2603	CD8 T cells
2604	FCGR3A+ Monocytes
2605	CD4 T cells
2606	CD14+ Monocytes
2607	FCGR3A+ Monocytes
2608	CD4 T cells
2609	CD14+ Monocytes
2610	B cells
2611	CD4 T cells
2612	CD14+ Monocytes
2613	CD4 T cells
2614	B cells
2615	B cells
2616	B cells
2617	CD4 T cells
2618	CD4 T cells
2619	B cells
2620	NK cells
2621	B cells
2622	CD4 T cells
2623	CD14+ Monocytes
2624	Dendritic cells
2625	CD14+ Monocytes
2626	CD14+ Monocytes
2627	CD4 T cells
2628	CD8 T cells
2629	B cells
2630	CD14+ Monocytes
2631	B cells
2632	CD4 T cells
2633	Dendritic cells
2634	CD14+ Monocytes
2635	B cells
2636	B cells
2637	B cells
2638	CD4 T cells
